Name,canonical_smiles,selfies,BACE1,BACE2,BE Ratio
TL1382,C=C1C=C2NC=C(C)CCC2=C2C[CH][CH]NN=C(CC)N(N3C(=O)NCC(=O)C4=CSCC(CNC)=C43)O[C]2C1,[C][C][C][=N][N][C@H1][C@H1][C][C][=C][Branch1][C][C][C][Branch1][#Branch2][N][C][=C][Branch1][C][C][C][Ring1][#Branch1][=C][C][=Branch1][Ring2][=C][Ring1][O][C][C@][Ring1][=C][O][N][Ring2][Ring1][=Branch1][N][C][=C][Branch1][=Branch1][C][N][C][Ring1][Ring2][C][S][C][=C][Ring1][=Branch2][C][=Branch1][C][=O][C][N][Ring2][Ring1][=C][C][Ring1][#C][=O],-12.42,-7.645,1.6245912361020276
TL915,CC(C)O[C@H]1CC(c2ccccc2)[C@@H](CN(C)C(=O)[C@H](C)N)CCOCCC=CC=CCC[CH][C@@H](F)N1C,[C][C][Branch1][C][C][O][C@H1][Branch2][Ring1][=N][N][Branch1][C][C][C@H1][Branch1][C][F][C@@H1][C][Ring1][#Branch1][Branch1][#Branch1][C][C][=C][C][=C][C][Ring1][=Branch1][N][C][C][N][Branch1][C][C][C][Branch1][=Branch2][C][=C][C][=C][C][=C][Ring1][=Branch1][C@H1][Branch1][#Branch1][C][C][O][C][Ring1][=C][C][N][Branch1][C][C][C][=Branch1][C][=O][C@H1][Branch1][C][C][N],-13.816,-8.918,1.5492262839201616
TL2356,CNC[C@@H]1C=CC(=O)C=CC[C]2C3[C]CCN(C4=CC=C(F)CO4)CC4=CC(=O)NC(CC[C@@]2(C)O)(O1)C4O3,[C][N][C][C@H1][Branch1][=N][C][=C][C][=Branch1][C][=O][C][=C][Ring1][#Branch1][C][C@@][O][=C][Branch1][#Branch2][C][C][C@@][Ring1][=Branch1][Branch1][C][C][O][C][O][C][Ring1][O][C@@][C][C][N][Branch1][O][C][=C][C][=C][Branch1][C][F][C][O][Ring1][#Branch1][C][C][Ring1][S][=C][C][=Branch1][C][=O][N][Ring2][Ring1][#Branch2][Ring1][=N],-11.899,-7.895,1.5071564281190626
TL3826,CC1=C2C=CN=C(C3C=CCNC(=O)CN3)C=C(NC(=O)c3ccccc3C=C2/C=C\C(=O)CN(C)C)OC1,[C][NH1][C][Branch1][O][C][=C][C][NH1][C][Ring1][Branch2][=O][C][C][C][=N][C][=C][C][=C][Branch1][C][C][C][Ring1][#Branch1][/O][C][=Branch1][Ring2][=C][Ring1][O][N][C][=Branch1][C][=O][C][=C][C][=C][C][=C][Ring1][=Branch1][C][=C][Ring2][Ring1][C][/C][=C][\C][=Branch1][C][=O][C][Ring1][#C][N][Branch1][C][C][C],-12.843,-10.264,1.2512665627435695
TL3558,COC1=C2NC=C[C]C(=O)N(Cc3ccccc3)CN(C(N)=S)C(=C3C=CC=C3CC(N)=O)C[C@H]2N=CN=C1C,[C][C][=N][C][=N][C@H1][Branch1][P][C][C][=C][C][Branch1][#Branch1][C][C][Branch1][C][N][=O][=C][C][=C][Ring1][=Branch2][C][=Branch1][#Branch1][=C][Ring2][Ring1][C][O][=C][N][C][=C][Ring1][O][C@@][C][=Branch1][C][=O][N][Branch1][N][C][C][=C][C][=C][C][=C][Ring1][=Branch1][Ring1][=Branch2][C][N][Ring2][Ring1][=C][C][=Branch1][C][=S][N][=Ring2][Ring1][#Branch1][Ring1][=C],-12.108,-10.158,1.1919669226225635
TL4346,C=CC(=O)CNC(C)=CN1C23C=COC14C(CS)=CC=C1CC=C(COC=NC2N=CCC3F)N14,[C][O][C][=N][=C][N][=C][C][C][Branch1][C][F][C][Branch1][#C][N][C][=C][Branch1][C][C][=N][C][C][=Branch1][C][=O][C][=C][Ring1][#Branch1][C][=C][O][C][Ring1][=C][N][C][=Branch1][=Branch2][=C][C][=C][Ring1][=Branch1][C][S][Ring1][Ring1][C][C][=C][Ring2][Ring2][=Branch1][Ring1][#Branch2][N][Ring1][Branch2],-11.938,-10.306,1.1583543566854262
TL3071,CC(C=CC=O)NC=C[C]1C2C(=O)NC=CC=NC=CCOCC=CC(=O)C2=CC(C)N1C(=O)N(C)C,[C][O][C][C][=C][N][=C][C][=C][Branch2][=Branch1][S][N][C][=Branch1][C][=O][C][C@][Branch1][#Branch2][C][=C][N][Branch1][#Branch2][C][Branch1][C][C][C][=C][C][=Branch1][C][=O][N][Branch1][#Branch2][C][=Branch1][C][=O][N][Branch1][C][C][C][C][Branch1][C][C][C][=C][Ring2][Ring1][Branch1][C][=Branch1][C][=O][C][=C][Ring2][Ring2][Branch1],-11.933,-10.513,1.1350708646437744
TL1893,COc1c[nH]n(S(N)(=O)=O)cc2c(cc1=O)C(=CC1=NCN=COC1)N(C=C(C)C)C(Cl)=CC2,[C][O][C][=N][=C][N][=C][Ring1][#C][C][=C][Branch1][Branch2][N][C][=C][Branch1][C][C][#C][C][=C][C][=Branch1][C][=O][C][Branch1][Ring1][O][C][=C][Ring1][=C][N][N][Branch1][=Branch2][S][=Branch1][C][=O][=Branch1][C][=O][N][C][=C][Ring1][S][C][C][=C][Ring2][Ring1][Branch2][Cl][N],-11.796,-10.723,1.100065280238739
TL1878,C[C@@]1(c2ccccc2)C=CCOC=CC=CN=CC(=O)/C=C/CC=C(CC(=O)N=CCC(N)=O)N=C1N,[C][O][C][=C][C][=C][Branch2][=Branch1][Ring1][N][=C][C][=Branch1][C][=O][/C][=C][/C][C][=C][Branch1][#Branch2][C][C][=Branch1][C][=O][N][=C][C][Branch1][=Branch1][C][=Branch1][C][=O][N][N][=C][Branch1][C][N][C@][Branch1][C][C][Branch1][=Branch2][C][=C][C][=C][C][=C][Ring1][=Branch1][C][Ring2][Ring1][O][=C][Ring2][Ring2][Branch1],-13.111,-11.989,1.0935857869713903
TL613,CCCNC(=O)[C]1CO[C@@H](N)N=C(OCC)N(Cc2cccnn2)CCCC2CCC(C(N)=O)=NN2C1,[C][C][O][C][=N][C@H1][Branch1][C][N][O][C][C@@][Branch2][Ring1][#Branch2][C][Branch1][#Branch1][N][C][C][Branch1][C][C][=O][C][=Branch1][C][=O][C][Ring1][=C][C][N][C][=C][N][=C][Ring1][Branch1][C][N][N][=C][Branch1][=Branch1][C][Branch1][C][N][=O][C][C][C][Ring1][=Branch2][C][C][C][N][Ring2][Ring1][O][C][C][=C][C][=C][N][=N][Ring1][=Branch1],-12.769,-11.793,1.0827609598914611
TL3097,CC1=NNC2(C)CC[S@]3(C(=O)C(=O)O)COC=CC4=CNC(=CC=C(c5ccccc5)CC[C@@H]12)C43,[C][S@@][=Branch2][C][=N][C][C][C][Branch1][C][C][Branch1][N][NH1][/N][=C][Branch1][C][=C][C@@H1][Ring1][#Branch1][C][/C][Branch1][#Branch2][C][=Branch1][C][=O][C][=Branch1][C][=O][O][C][O][C][=C][C][Ring2][Ring1][=N][=C][NH1][C][Ring2][Ring2][Branch1][=C][Ring1][Branch2][C][=C][Ring1][P][C][=C][C][=C][C][=C][Ring1][=Branch1],-11.594,-10.762,1.077309050362386
TL2415,CCC1=CC(CC(=O)O)=CC=C(Cl)C1=CC1NCC(N2N=CC=CC(OC)N2)C1C1=CC=CCC1=O,[C][O][C][Branch1][C][N][C][=C][C][=N][N][Ring1][=Branch1][C][Branch1][#Branch2][C][C][=C][C][=C][C][Branch1][#Branch1][C][Ring1][=Branch1][=O][C][=C][C][N][C][Ring1][O][C][=C][C][Branch1][C][Cl][=C][C][=C][Branch1][#Branch1][C][C][=Branch1][C][=O][O][C][=C][Ring1][N][C][C][Ring2][C@H1][Ring1][#Branch2][Ring1][N],-13.998,-13.031,1.074207658660118
TL2700,COC1=CC=CCCNN(Cc2cnc(Cl)cc(=O)c2)CC=CC=N[C](C)C(=O)ONN=NC(N)CC=C1,[C][C@][Branch1][S][N][=C][C][=C][C][Branch2][Ring1][Ring1][N][C][C][=Branch1][C][=C][C][=N][C][Branch1][C][Cl][=C][C][Ring1][#Branch1][=O][=C][C][=Branch1][C][=O][O][N][Ring1][=Branch2][/N][=N][C][Branch1][C][N][C][C][=C][C][Branch1][Ring1][O][C][=C][C][=C][Ring1][=Branch1][C][C][N][Ring2][Ring1][#C],-11.413,-10.642,1.072448787821838
TL4842,CCC[C@@H]([CH]CCC12N[C]C=C(N)[C@@H]1C(C=O)=C1C=C(C)N=CN1C(C(=O)O)=CC2=O)CC,[C][Branch1][O][=C][C@H1][C@H1][Branch1][Ring2][C][C][C][C][C][C][Branch1][O][N][C@@][Branch1][=C][C][=C][Branch1][C][N][C@@H1][Ring1][#Branch1][C][C][=O][C][=C][C][=Branch1][C][=O][C][=C][Branch1][=Branch1][C][=Branch1][C][=O][O][N][C][=N][C][Branch1][C][C][=C][C][=Ring1][P][Ring1][#Branch1][C][=C][N][=C][Ring2][Ring1][=C][Ring2][Ring2][#Branch2],-13.175,-12.343,1.0674066272381106
TL1536,CCC=CCCC1NCC2=COC[C]3C4=CO[C]C(N=CC21)[SH]1CC3=CC1CCC(CC)=C4,[C][C][=N][C][Branch1][#Branch2][S][C][C][=C][C][Ring1][Branch1][C][C][C@@][O][C][=C][Branch1][#Branch1][C][=C][Ring1][#Branch1][C][C][C@@][Ring1][=C][C][O][C][=C][Ring2][Ring1][O][C][N][C][=Branch1][=C][=Branch1][N][=C][Ring1][Branch1][C][C][=C][Ring2][Ring1][=Branch2][C][C][Ring2][Ring1][=C][C][=Branch1][C][=O][N][C][Ring1][#Branch2][=O],-11.434,-10.75,1.063627906976744
TL994,CNC(C)=C=CC12CN=COC1c1ncn(-c3ccccc3)c1[C]1O[C@H](C)C(C(=O)Nc3ccccc3)=C1C2,[C][Branch2][P][O][O][C][=N][C][C][Branch1][Ring2][Branch1][Ring2][Ring2][Ring1][=Branch1][O][=C][=C][=C][Branch1][C][C][N][Branch1][C][C][C][C][=C][Branch1][=C][C][=Branch1][C][=O][N][C][=C][C][=C][C][=C][Ring1][=Branch1][C@@H1][Branch1][C][C][O][C@][Ring2][Ring1][Ring2][Ring1][#C][C][=C][Ring2][Ring1][=C][N][=C][N][Ring1][Branch1][C][=C][C][=C][C][=C][Ring1][=Branch1],-13.191,-12.861,1.025658968975974
TL2675,C=C1OC(CC2=C(C)C(=O)NC3=C(NC)C=C[C@H]3CC2C(C)C)=C(S)C2=CCC(F)=CNOC12,[C][NH1][C][Branch1][O][C][=C][C@H1][C][C][C][Branch1][C][C][C][=C][Ring1][#Branch1][N][C][=Branch1][C][=O][C][Branch1][C][C][=C][Ring1][O][C][C@@][O][C][=Branch1][Ring2][=C][Ring1][=Branch1][C][O][N][C][=C][Branch1][C][F][C][C][=C][Ring1][=Branch2][C][=Ring1][=C][S][Ring2][Ring1][P],-11.688,-11.414,1.0240056071491153
TL2582,CON=C1C=CC(CC(C(=O)O)C2C[C]COC2)=C(C(N)=O)C(F)=Cc2c3ccc(C)c-3[nH]c(=O)n21,[C][O][N][=C][Branch2][Ring1][#C][C][=C][C][=Branch1][#Branch2][=C][Ring1][#Branch1][C][Branch1][C][N][=O][C][=C][C][Branch1][=Branch1][C][=Branch1][C][=O][O][C][C][C@@][C][O][C][Ring1][=Branch1][N][C][=Branch1][C][=O][N][C][=C][Branch1][C][C][C][=C][C][Ring1][=Branch1][=C][Ring1][O][C][=C][Ring2][Ring1][N][F],-13.324,-13.025,1.0229558541266794
TL4908,COC(=O)CC1=CCCC(C(C)NC(C)=O)S(=O)(=O)[C@H](C)[C@@H](C(=O)N2C[CH]CC(C)=CCC2)C(C)=C1,[C][C][=Branch1][C][=O][N][C][Branch1][C][C][C][S][=Branch1][C][=O][=Branch1][C][=O][C@H1][Branch1][C][C][C@@H1][Branch1][P][C][=Branch1][C][=O][N][C][C@@H1][C][C][Branch1][C][C][=C][C][/C][Ring1][=Branch2][=C][Branch1][C][/C][=C][C][Branch1][Branch2][C][C][=Branch1][C][=O][O][C][=C][C][=Ring1][Branch1][C][Ring2][Ring1][=C],-11.952,-11.767,1.0157219342228263
TL616,COC[C@@H]1C2CN3C4CC=C5C=C(C=COC(=CN[C@@H]4CN(CCC4OC(=O)S4)NC2=O)C13)NCC=C(C)C(=O)C5,[C][O][C][C@H1][C][N][Branch1][Branch1][C][C][Ring1][Branch1][C][C][C][=C][C][=C][Branch1][=C][N][C][C][=C][Branch1][C][C][C][=Branch1][C][=O][C][Ring1][O][C][=C][Ring1][O][O][C][Ring2][Ring1][=Branch1][=C][N][Ring1][#C][C@@H1][Ring2][Ring1][Branch1][C][N][Branch1][N][C][C][C][S][C][=Branch1][C][=O][O][Ring1][Branch1][N][Branch1][#Branch1][C][Ring2][Ring1][P][=O][O],-12.488,-12.327,1.013060760931289
TL3469,[11CH3]CNCCC1[CH]C[C](C2C=NC2)OC(=O)OCC(=O)C(c2ccc(Br)cc2)C1,[11CH3][/C][Ring1][=N][N][C][C][C][C][Branch2][Branch1][Ring2][C][Branch1][N][C][=C][C][=C][Branch1][C][Br][C][=C][Ring1][#Branch1][C][=Branch1][C][=O][C][O][C][=Branch1][C][=O][O][C@@][Branch1][#Branch1][C][C][=N][C][Ring1][Ring2][C][C@@H1][Ring2][Ring1][Branch2][Ring1][=Branch2],-11.526,-11.392,1.0117626404494382
TL1101,CCC(C#N)N1OC[CH]N1[C]1OC2OC13OC(=O)C1OC#CC=CC=CCC=C1c1cc(ccc13)N2C(C)=O,[C][O][C][#C][C][=C][C][=C][Branch2][=Branch1][#Branch2][C][C][=C][Ring1][N][C][=C][C][=C][C][=Branch1][Ring2][=C][Ring1][=Branch1][N][Branch1][=Branch1][C][Branch1][C][C][=O][C][Branch1][C][O][O][C@@][Branch1][P][N][C@@H1][C][O][N][Ring1][Branch1][C][Branch1][Ring1][C][#N][C][Ring1][P][C][C][Ring1][=C][Ring2][Ring1][Branch2][O][C][Ring2][Ring2][Branch2][=O],-12.008,-11.902,1.00890606620736
TL995,C[C]1C=C2[CH]C(=O)OCCCCCOC=NNC=C1C=C2NNC(=O)N(C)N1OCC1=O,[C][C][C][O][C][=N][NH1][C][=C][Branch2][Ring1][Br][C@@][Branch1][C][C][C][=C][Branch1][#Branch2][C@@H1][C][=Branch1][C][=O][O][C][C][Ring2][Ring1][N][C][=C][Ring1][=Branch2][N][N][C][=Branch1][C][=O][N][Branch1][C][C][N][C][=Branch1][C][=O][C][O][Ring1][Branch1][C][=C][N][Ring2][Ring1][#Branch2][Ring1][=C],-11.114,-11.074,1.0036120642947446
TL372,CO[CH]C1c2n[nH]cc2CC(=O)C(=CC=C[N+])c2ccccc2C(=O)OCNC(=O)OCC2=C(C)C=CNC21,[C][O][C@H1][C][Branch1][=C][C][=N][NH1][C][=C][Ring1][Branch1][C][C][=Branch1][C][=O][#Branch2][C][N][C][=C][C][Branch1][C][C][=C][Ring1][#Branch1][C][O][C][=Branch1][C][=O][N][C][/O][C][=Branch1][C][=O][C][=C][C][=C][C][=C][Ring1][=Branch1][C][Ring2][Ring1][=Branch2][=C][C][=C][N+1][=Ring1][Branch1][Ring1][P][C][N][Ring1][#Branch2],-11.037,-11.016,1.0019063180827887
TL3136,C[C@@H]1C[CH]NN=C2CCC[C@](ON3C=C(CCC=O)C(=O)N(C)CC3)CC2=NC#C[C@@](OC=O)C1,[C][C][C][C][=N][N][C@H1][C][C@@H1][Branch1][C][C][C][Ring1][#Branch1][C@@][Branch1][Ring2][O][C][=O][C][=C][Ring2][C][C][N][=C][Ring1][S][C][C@][Ring2][Ring1][=Branch1][O][N][C][=C][Branch1][N][C][=Branch1][C][=O][N][Branch1][C][C][C][C][Ring1][=Branch2][C][C][/C][Ring2][Ring1][#C][=O][C][Ring2][Ring1][N][Ring1][=C],-12.552,-12.545,1.0005579912315663
TL1003,CCN1C=CCN2ON3C=CC=C(NC(=O)OC)OCCCC3=CC=C(NCN=CCOC)C2N1,[C][O][C][C][=N][C][N][C][=C][C][=C][Branch1][Ring2][C][C][C][N][Branch2][Ring1][=Branch1][C][=C][C][=C][Branch1][#Branch2][N][C][=Branch1][C][=O][O][C][Ring1][Ring2][O][Ring1][N][C][=Branch1][C][=O][N][C][C][=C][N][Branch1][Ring1][C][C][NH1][C][Ring2][Ring1][N][=Ring1][=Branch2][C][=C][C][Branch1][=Branch1][N+1][=Branch1][C][=O][O-1][=C][Ring2][Ring1][#Branch2][Ring2][Ring2][Branch2],-11.731,-11.748,0.9985529451821588
TL2210,CCCCCNC1=C[C@H]2[CH]C(=O)C[C@@H](C)OC=CC(NC)=CC(OCC)=CCCSN2C1=O,[C][C][C][C][C][N][C][=C][C@H1][Branch1][=Branch1][N][C][Ring1][Branch1][=O][C@@H1][C][=Branch1][C][=O][C][C@@H1][Branch1][C][C][O][C][=C][C][Branch1][Ring1][N][C][=C][C][Branch1][=Branch1][O][C][Branch1][C][C][=C][Ring1][=Branch2][C][C][S][Ring2][Ring1][Branch2][Ring1][N],-10.985,-11.009,0.9978199654827868
TL1051,ClCC1=NC=CC=CC23CC4=C5CC4C(=C2C1)ON[C@]1(C[CH]N2CCCC2)C=C3ON=C1OCCCO5,[C][O][C][C][C][O][C][=C][Branch1][Branch1][C][C][Ring1][Ring2][C][C][C][=C][C][=C][N][=C][Branch1][Branch1][C][Cl][C][C][Branch1][#Branch2][C][C][Ring1][O][=C][Ring1][#C][O][N][C@][Ring2][Ring1][P][Branch1][N][C][C@@H1][Ring1][N][N][C][C][C][C][Ring1][Branch1][C][=C][Ring2][Ring1][Branch2][O][N][=Ring2][Ring2][Branch1][=O],-11.351,-11.422,0.9937839257573104
TL437,CNC1=Cc2cn(Cl)c(C)c2[C](COC(=O)N2COC=C(Cl)C=CC2C=CC=O)C(C)C(=O)[C@@H]1C,[C][N][C][Branch1][=N][C@@H1][Branch1][C][C][C][=Branch1][C][=O][C][C][Ring1][#Branch1][=C][C][=C][N][Branch1][C][Cl][C][Branch1][C][C][=C][Ring1][#Branch1][C@@][Ring1][O][C][O][C][=Branch1][C][=O][N][C][O][C][=C][Branch1][C][Cl][C][=C][Branch2][Ring1][C][C][=Ring1][=Branch2][C][=C][C][Ring1][#C][=O][C][Ring2][Ring1][P],-12.437,-12.573,0.9891831702855324
TL4501,C=CCC1C=C(C=CN2C(=O)OC3=C(C4=CC=CC(=O)C4)CC(=O)CC3=C(C)N=C2NC)CN1,[C][NH1][C][=N][C@][Branch1][C][C][=C][C][C][=Branch1][C][=O][C][C][Branch1][N][C][=C][C][=C][C][=Branch1][C][=O][C][Ring1][#Branch1][=C][Ring1][=C][O][C][=Branch1][C][=O][N][Ring2][Ring1][=Branch1][C][=C][C][=C][C][Branch1][=Branch1][C][C][Ring1][=Branch2][=C][Ring2][Ring1][#Branch2][NH1][C][Ring1][Branch2],-11.87,-12.032,0.9865359042553192
TL2489,CCN(C)C(=O)CNC1=CN=CC2(C=CSC(C)=C2N)c2ccccc2SC(OC(N)=O)=NC1,[C][=N][C][=C][Branch1][=N][N][C][C][=Branch1][C][=O][N][Branch1][C][C][C][C][=C][N][=C][Branch1][#Branch2][O][C][=Branch1][C][=O][N][Ring1][O][Ring1][Branch1][S][C][=C][C][=C][C][=C][Ring1][=Branch1][C][Ring2][Ring1][N][C][=C][S][C][Branch1][C][C][=C][Ring1][#Branch1][N],-11.649,-11.855,0.9826233656684942
TL774,CC(=CNC1=CNN=COCCC(N)=CC=CCC1N)CNC=C(F)CO,[C][C][O][C][=N][NH1][C][=C][Branch2][Ring1][O][N][C][=C][Branch1][C][C][=Branch1][#Branch2][=C][N][C][=C][Branch1][C][F][C][O][Ring1][N][N][=C][Ring1][=C][N][Branch1][=Branch1][C][=Branch1][C][N][C][C][=C][Ring1][P][C][=C][Ring2][Ring1][#Branch2][N],-11.361,-11.617,0.9779633296031678
TL2088,CNC(=O)C1=CC2=C(CCO2)C1C1=CC=CNC=COCCOCC1CNN,[C][O][C][C][O][C][=C][NH1][C][=C][C][=C][Branch2][Ring2][Branch1][C][C][=Branch1][N][=C][C][=C][Ring1][Branch1][C][=Branch1][C][=O][N][C][Branch1][C][C][O][Ring1][#Branch2][O][C@H1][C][N][Branch1][=Branch1][C][Branch1][C][N][C][C][Ring1][=Branch2][N][C][Ring2][Ring1][P][C][N][Ring2][Ring1][#Branch1][=N],-11.693,-12.018,0.972957230820436
TL3775,COC=N[C@@H](C)C(C)C12CCCC(=O)N3C=CC14C2=CN3S(=O)(=O)C=CN=C4CSC(N)=O,[C][O][C][=N][C@@H1][Branch1][C][C][C][Branch1][C][C][C][C][Branch1][=C][C][=C][N][C][=Branch1][C][=O][C][C][Branch1][Ring2][C][Ring1][#Branch2][C][Ring1][O][=C][N][Ring1][=Branch2][S][=Branch1][C][=O][=Branch1][C][=O][C][=C][N][=C][Ring2][Ring1][Ring1][C][S][C][Branch1][C][N][=O][Ring1][#Branch2],-12.246,-12.74,0.9612244897959183
TL4332,Cc1cc(N)ccc1C[C]O[CH]OCC1CC#CCC=NCCCCCN(C)CC1,[C][#C][C][C][Branch1][P][C][C][N][Branch1][C][C][C][C][C][C][C][N][=C][C][=Ring1][P][C][=Ring1][P][O][C@@H1][Ring2][Ring2][Ring1][O][C@][Ring2][Ring1][P][Branch2][Ring1][Ring1][C][C][=C][C][=C][Branch1][C][N][C][=C][Ring1][#Branch1][C],-12.083,-12.571,0.9611804947895952
TL2443,COCC#CNC1=CC=CNC(=O)[C@@H](CS(=O)(=O)N(C)C)OC(=O)N2OC=CC[C](C)C2C=C1Cl,[C][O][C][C][#C][N][C][=C][C][=C][Branch2][Branch1][#Branch2][N][C][=Branch1][C][=O][C@@H1][Branch1][=C][C][S][=Branch1][C][=O][=Branch1][C][=O][N][Branch1][C][C][C][O][C@@][=Branch1][C][=O][N][O][C][=C][Ring1][Branch1][C][C@@][Ring2][Ring1][C][Branch1][C][C][C][Ring1][Branch2][C][=C][Ring2][Ring1][N][Cl][C][Ring2][Ring1][#Branch2],-11.263,-11.724,0.9606789491641078
TL3712,CC[C]1C=C([C](O)C(C)Cl)CN(CN(C(N)=O)c2cn(C)c3c2CNC=C3)CCC=NC(=O)N[CH]C1,[C][C][C][=N][C][=Branch1][C][=O][N][C@@H1][C][C@][Branch1][Ring1][C][C][C][=C][Branch1][#Branch2][C@@][Branch1][C][O][C][Branch1][C][C][Cl][C][N][Ring2][Ring1][O][C][N][Branch1][=Branch1][C][=Branch1][C][=O][N][C][=C][N][Branch1][C][C][C][=C][Ring1][=Branch1][C][N][C][=C][Ring2][Ring1][#C][Ring1][=Branch1],-12.521,-13.05,0.959463601532567
TL3318,CON(C=O)C1=CC(=O)CNCC[C@H](CF)CC(OC=O)CCC(=CC=CC2=NN=COC2)N=C1,[C][O][C][=N][N][=C][Ring1][P][C][=C][C][=C][Branch1][#Branch1][C][C][C][O][C][=O][N][=C][C][Branch1][=Branch2][N][Branch1][Ring1][O][C][C][=O][N][=C][Ring1][N][C][=Branch1][C][=O][C][N][C][C][C@H1][Branch1][Ring1][C][F][=C][Ring2][Ring1][#Branch1],-11.608,-12.127,0.957202935598252
TL2051,CCCc1ncccc1[C@@]1(C)C=CP(=O)([C]C(=O)OC2C(=O)C=CCCN=CN2C)NCC(C)CO1,[C][C][C][C][=N][C][=C][C][=C][Ring1][=Branch1][C@@][Branch1][C][C][C][=C][P][=Branch1][C][=O][Branch1][N][N][C][C][Branch1][Ring2][C][Ring1][=Branch1][C][O][Ring1][N][C@@][C][=Branch1][C][=O][O][C][N][Branch1][C][C][C][=N][C][C][C][=C][Ring1][Branch2][C][Ring1][#Branch2][=O],-12.4,-12.972,0.9559050262102992
TL1825,COC=CSC1=CC=C2[C](C)C=C(C3=C(OC(C)=O)NC(C)C(F)=CN=C3)N2C1C#N,[C][O][C][=C][S][C][=C][C][=C][Branch2][Ring1][P][C@@][Branch1][C][C][C][=C][C][=C][Branch1][#Branch1][O][C][Branch1][C][C][=O][N][C][Branch1][=Branch2][C][Branch1][C][F][=C][N][=C][Ring1][=N][Branch1][C][C][N][Ring1][S][=C][Ring2][Ring1][Branch2][C][#N][C][Ring1][N][=C][Ring2][Ring1][O],-11.13,-11.644,0.9558570937822056
TL2064,COC1CCC(C2ON(CC3CCN(C)C(=O)C3N)NC3=NCOOC(C4=CC=CC=C(N5CCC5)C4)=CC32)SC1,[C][O][C][C][S][C][Branch1][Branch1][C][C][Ring1][=Branch1][C][C][C][=C][Branch1][P][C][=C][C][=C][C][=C][Branch1][=Branch1][N][C][C][C][Ring1][Ring2][C][Ring1][O][=O][O][C][Ring1][#C][N][=C][Ring2][Ring1][Ring1][N][N][Branch1][P][C][C][Branch1][Ring1][C][N][C][C][N][Branch1][C][C][C][Ring1][#Branch1][=O][O][Ring2][Ring1][P][=C][Branch1][C][\C][O],-13.793,-14.461,0.9538067906783764
TL4596,COCc1ccccc1N[PH](=O)C=C[C@H]1CC(=CC=CCl)C(=O)C[C]2C1[C](N)CO[C@@H]2C,[C][O][C][C][=C][C][=C][C][=C][Ring1][=Branch1][N][P][=Branch1][C][=O][C][=C][C@@H1][Branch1][=Branch2][C][C][=C][C][=C][Ring1][=Branch1][Cl][C][C@@][Branch1][C][N][C][O][C@H1][Branch1][C][C][C@][Ring1][Branch2][C][C][Ring1][#C][=O],-12.551,-13.165,0.9533611849601216
TL711,COCC1=NC(CC2C=C(C=C3C=CC=C(CO)C3)C=NN=C2n2c(=O)n(C)ccn(C)n2C)CC1,[C][O][C][C][=N][C][Branch1][Branch1][C][C][Ring1][Branch1][C][C][C][=C][Branch1][#C][C][=C][C][=C][C][=C][Branch1][Ring2][C][Ring1][=Branch1][C][O][Ring1][Ring2][C][Ring1][O][=N][N][=C][Ring1][S][N][Ring2][Ring1][=Branch1][N][Branch1][C][C][N][Branch1][C][C][C][=C][N][Branch1][C][C][C][Ring1][#Branch2][=O][N][Branch1][C][O][C][Ring1][N][=O],-11.679,-12.315,0.9483556638246042
TL4021,COCCN(CCN)C(=O)NC1C(C(=O)N(C)Cl)=NC=CCC2(C)Cc3c[nH]nc3COC12,[C][O][C][C][=N][NH1][C][=C][Ring1][Branch1][C][C][Branch2][Ring2][=Branch1][C][C][=C][N][=C][Branch1][#Branch2][C][=Branch1][C][=O][N][Branch1][C][C][Cl][C][Ring2][Ring1][O][N][C][=Branch1][C][=O][N][Branch1][=Branch1][C][C][N][Ring1][Branch1][C][C][O][C][Branch1][C][C][Ring2][Ring1][#Branch2][N][Ring1][=Branch1],-11.684,-12.322,0.9482226911215712
TL3411,C[14CH2]C=NN1NCC=CNC1=CCN1CC2=C(NC(=O)O)C2C=CN(Cl)C1,[C][14CH2][C][=N][N][Branch2][Ring1][P][C][=C][C][N][Branch1][C][C][C][C][=C][Branch1][#Branch1][N][C][=Branch1][C][=O][O][C][Ring1][#Branch1][C][=C][N][Ring1][N][Cl][C][Branch1][=Branch1][C][=C][N][C][C][=C][Ring2][Ring1][C][N][Ring2][Ring1][=Branch1],-11.045,-11.674,0.946119581977043
TL119,CCOC=CNC=C1N=C2C=C(C=C1N)C(=CNC(C)=O)C1(C(N)=O)C=CN=C(Cl)C1=C2,[C][C][O][C][=C][NH1][C][=C][N][=C][Branch2][Ring1][#C][C][=C][C][Branch1][#Branch2][C][=C][N][C][Branch1][C][C][=O][C][Branch1][=Branch2][C][=C][N][=C][Ring1][N][Cl][Branch1][=Branch1][C][Branch1][C][N][=O][C][=C][Ring1][S][C][=C][Ring2][Ring1][Branch2][N],-11.421,-12.1,0.9438842975206612
TL2924,CC(C1=CNN=COCN(O)C(C)C1)C1=CC=CC=c2c(C(=O)[CH]CCO)noc2=C1O,[C][O][C][=N][N][C][=C][Branch2][Ring1][P][C][Branch1][C][C][C][=C][Branch2][Ring2][Ring2][C][=C][C][=C][C][=Branch1][#Branch2][=N][O][C][Ring1][Branch1][=C][Ring1][O][=O][C][=Branch1][C][=O][C@H1][Ring1][=Branch1][C][C][O][Ring2][Ring1][C][C][=C][Ring2][Ring1][=N][Si][Branch1][C][C][Branch1][C][C][N][Ring2][Ring1][P][=O],-12.796,-13.58,0.9422680412371134
TL3059,Cc1cccc(C2ONC(O)C=C(Cl)C=C2NC(=O)OCc2ccccc2NCC=CN)c1C,[N][O][C][Branch1][=N][C][=C][C][=C][C][Branch1][C][C][=C][Ring1][#Branch1][C][C][=Branch1][N][=C][#Branch2][C][=C][C][Branch1][C][Cl][=C][Ring1][#Branch1][C][Ring2][O][C][=Branch1][C][=O][N][C][=Branch1][C][=O][O][C][C][=C][C][=C][C][=C][Ring1][=Branch1][NH1][C][Ring2][Ring1][=C][Ring1][#Branch2][C][=C][N][Ring1][Branch1],-14.335,-15.276,0.9384001047394608
TL4309,COC=CS(=O)(=O)NC1=CC=CC(=O)NC2=CC(CCC=C3C=C3)=C(N=CN1C)C2(C)C,[C][O][C][=C][S][=Branch1][C][=O][=Branch1][C][=O][N][C][=C][Branch2][Branch1][#Branch2][C][=C][C][=Branch1][C][=O][N][C][Branch1][=Branch1][C][Branch1][C][C][C][=C][C][=Branch1][#Branch2][=C][Ring1][=Branch1][N][=C][N][Ring1][P][C][Branch1][C][C][C][=C][C][=C][Ring1][Ring1][Ring2][Ring1][Branch2][C][=C][Ring2][Ring2][Branch1][N],-11.952,-12.791,0.934407004925338
TL408,C[C@@H]1CC[Se]2CC3[CH]C=C[C@@]4(ON(C=C(OCC5=CC=CCNC=C5O)CC4CNCCCCO3)O1)O2,[=C][C][C][N][C][C][C][C][O][C][Branch1][#Branch2][C][Se][C][C][C@@H1][Branch1][C][C][O][C@@H1][C][=C][C@][Ring2][Ring1][Ring2][Branch1][Ring2][O][Ring1][O][O][N][Ring1][Branch2][C][=C][Ring2][Ring2][Ring1][O][C][C][=C][C][=C][Branch2][Ring1][Branch2][C][N][C][=C][Ring1][Branch2][O],-11.58,-12.421,0.9322920859834152
TL4154,CC1=CC=NC(=CCC(=O)NCC23N=COC2C(CN2CC(=O)N(Br)CC(=O)N2)=NCO3)O1,[C][O][C][=N][C][Branch2][Ring1][Branch1][C][N][C][=Branch1][C][=O][C][Branch1][#C][C][=C][N][=C][C][=C][Branch1][C][C][O][Ring1][#Branch1][Br][C][Ring1][S][=O][=C][N][=C][Ring2][Ring1][=Branch1][C][N][Branch1][C][C][N][C][=Branch1][C][=O][C][N][Branch1][C][Br][C][Ring1][Branch2][=O],-12.965,-13.907,0.9322643273171785
TL987,C=CN1CN2C=CC(OC(=O)N2C2=CN([CH][11CH3])c3cc2ccc3CC=CC=O)c2ccccc21,[11CH3][C@H1][N][Branch1][P][C][=C][C][=C][C][=C][Ring1][=Branch1][Branch1][#Branch2][C][C][=C][C][=Branch1][N][=O][#Branch1][=C][C][Branch1][C][Cl][C][=Branch1][C][=O][C][=C][Ring1][O][N][C][=Branch1][C][=O][O][C][Branch1][=C][C][=C][C][=C][C][=C][Ring1][=Branch1][N][Ring1][=Branch2][C][=C][C][=C][N][Ring1][P][\C][Ring1][#Branch1],-12.34,-13.25,0.9313207547169812
TL2036,C=CC1=[N+](NC)C[C@H](O)[C](C(=O)C2=CC(=C3CS[C@H](C)O3)CC(O)=C2C=COC)O1,[C][O][C][=C][C][=C][Branch2][Ring2][#Branch2][C][C][=Branch1][O][=C][O][C@@H1][Branch1][C][C][S][C][Ring1][=Branch1][C][=C][Ring1][N][C][=Branch1][C][=O][C@@][Branch1][C][O][C@@H1][Branch1][C][O][C][N+1][Branch1][Ring1][N][C][=C][Ring1][Branch2][/C][=C][/O][Ring1][=C][C][O][C][Ring2][Ring2][Ring2][=O],-11.098,-11.927,0.9304938375115286
TL3803,CCNC(=O)[CH]C1=C([C]C(=O)N2CON=C(Cl)C=C2CCF)C=C2C(=O)N=C(C)C2N1C,[C][C][N][C][=Branch1][C][=O][C@H1][C][=C][Branch2][Ring1][Ring1][C][=C][C][=Branch1][C][=O][N][=C][Branch1][C][C][C][Ring1][#Branch1][N][Ring1][O][C][C@@][C][=Branch1][C][=O][N][C][O][N][=C][Branch1][C][Cl][C][=C][Ring1][Branch2][C][C][F][C][Ring1][=C][=O][N][Ring2][Ring1][P][#Branch1],-11.918,-12.837,0.9284100646568512
TL4103,CNCN1CC[CH]C1[CH]OC1(O)C2=C3OCOCCOC=CNC3=C2CC=C(c2ccccc2Cl)[C@@H]1C,[C][O][C][C][O][C][=C][NH1][C][=C][Branch2][Ring2][=Branch1][C][C][=C][Branch1][#Branch2][C][=C][C][=C][C][=C][Ring1][=Branch1][Cl][C@H1][Branch1][C][C][C][=Branch1][Ring2][O][Ring1][N][O][C@H1][C][C@@H1][Branch1][N][C][C][N][Ring1][Branch1][C][N][Ring2][Ring1][#Branch2][C][C][Ring1][=N][=C][Ring2][Ring1][N][O][Ring2][Ring2][Branch2],-12.379,-13.334,0.9283785810709464
TL3616,CN=C[C@H](F)CN1C=COC2(c3ccncc3[C](C)S(=O)(=O)CNC)OCC(=C2Cl)C1=O,[C][N][C][S][=Branch1][C][=O][=Branch1][C][=O][C@@][Branch1][C][C][C][=C][N][=C][C][=C][Ring1][=Branch1][C][Branch1][N][C][Branch1][C][Cl][=C][Ring1][#Branch2][C][O][Ring1][=Branch1][O][C][=C][N][Branch1][O][C][C@@H1][Branch1][C][F][C][Ring1][Branch2][=N][C][C][Ring1][=C][=O][P][Ring2][Ring1][#Branch2][O],-11.155,-12.021,0.9279594043756758
TL914,CC1=CN=CC=C(C=CC=CNC(C)=C(Cl)CC(=O)[C]2C3CC(c4cccnc4)NC23O)CO1,[C][O][C][Branch1][C][C][=C][N][=C][/C@H1][=C][Ring1][#C][C][=C][C][=C][Ring1][=Branch1][N][C@@][Branch1][C][C][=C][Branch1][C][Cl][C][C][=Branch1][C][=O][C@][C][Branch1][C][O][N][C][Branch1][=Branch2][C][=C][C][=C][N][=C][Ring1][=Branch1][C][C][Ring1][N][Ring1][=N],-14.131,-15.233,0.9276570603295476
TL2153,CO[C@H]1C[CH]C2=C(C1)CN1C=NS(=O)(=O)C=C1CC=C1[C](OC(=O)O[C]1C(=O)[C](C)C)O2,[C][N][C][=N][S][=Branch1][C][=O][=Branch1][C][=O][C][=C][Ring1][Branch2][C][C][=C][C@@][Branch1][N][C][=Branch1][C][=O][C@@][Branch1][C][C][Branch1][C][C][O][C][=Branch1][C][=O][O][C@@][Ring1][N][O][C][=C][Branch1][#C][C][C@@H1][Branch1][Ring1][O][C][C][C@H1][Ring1][=C][Ring1][Branch2][C][=C][Ring2][Ring1][#Branch2][O][Ring1][P],-10.995,-11.855,0.9274567692956558
TL3077,[CH][C@]1(CC[C](C=C([C]C)C(C)(C)O)N2C[CH]CCC2)C[CH]C(C)(O)C1,[C][C][Branch1][C][C][Branch1][C][O][C@H1][C][C@@][Branch2][Ring1][=C][C][C][C@@][Branch1][#Branch2][N][C][C@H1][Branch1][=Branch1][C][C][C][Ring1][=Branch1][C][=C][Branch1][=Branch2][C][Branch1][C][C][Branch1][C][C][O][C@][Branch1][C][C][Branch1][C][C@@H1][Branch1][Ring1][S][=O][C][=Branch1][C][=O][N][C][Branch1][#Branch1][C][C][Branch1][C][N][=O][C][=C][C][Branch1][C][F][=C][O][Ring1][=Branch1][Ring2][Ring1][=C],-11.31,-12.198,0.927201180521397
TL4707,CCCOCc1oc(CC2=C(Cl)SC=CNCC=C(C(=O)O)COC=N2)cc1N,[C][O][C][=N][=C][Branch2][Ring1][N][#C][C][=C][C][Branch1][C][N][=C][Branch1][#Branch1][C][O][C][C][Branch1][C][C][=O][Ring1][O][=C][C][=C][Ring1][=Branch1][N][C][=C][Branch1][C][Cl][S][C][=C][Ring1][=Branch1][NH1][C][C][=C][Ring2][Ring1][N][C][=Branch1][C][=O][O],-11.428,-12.332,0.9266947778138176
TL1365,C=CC1[CH][C@H](F)[C@@H](C)OC[C@H]1NC(=O)NC1C=CCCC[C@H](CCC)C(=O)C=CC=C1O,[C][C][C][C@H1][Branch1][Ring2][C][C][C][C][=Branch1][C][=O][C][=C][C][=C][Branch1][C][O][C][Branch2][Branch1][Ring2][N][C][=Branch1][C][=O][N][C@@H1][Branch1][P][C][O][C@H1][Branch1][C][C][C@@H1][Branch1][C][F][C@@H1][C][Ring1][=Branch2][C][=C][Ring1][S][N][Branch1][C][C][C][=Branch1][C][=O][C][=C][C][=C][Branch1][O][C][C][NH1][C][=C][C][Ring1][O][=Ring1][Branch1][C][=C][Ring2][Ring2][Branch2],-11.244,-12.163,0.9244429828167392
TL3959,O=C1C=CC(=CC(=O)ONCC(=O)C2=C3C=CC=C(Cl)C=C32)C(=CC[C@H]2C=CC=CC=CCO2)C1,[O][C@H1][Branch1][O][C][=C][C][=C][C][=C][Ring1][#Branch1][C][Ring1][#Branch2][C][C][=C][C@@][Branch1][#Branch2][C][=C][C][=Branch1][C][=O][C][Ring1][#Branch1][=C][Ring2][Ring1][O][C][=Branch1][C][=O][O][N][C][C][=Branch1][C][=O][C][=C][C][=C][C][=C][Branch1][C][Cl][C][=C][Ring1][=Branch2][Ring1][Branch2][NH1][C][=C][C][Ring2][Ring1][N][=Ring1][Branch1][#C],-15.275,-16.534,0.923853876859804
TL3365,CCN(CC=O)C(=O)NNOC1=C2CCC3N=C(O)CC3n3ccc(c32)CC=CN1,[O][C][=N][C][Branch1][Branch1][C][C][Ring1][Branch1][C][C][C][=C][Branch1][#C][N][C][=C][C][C][C][=C][N][Ring1][=C][C][Ring1][O][=Ring1][Branch1][O][N][N][C][=Branch1][C][=O][N][Branch1][Ring1][C][C][C][C][Ring1][#Branch1][=O][N][Ring1][P],-11.719,-12.689,0.9235558357632596
TL4897,C=NC(O)=NC1(OCC[C@H](F)OC)NC=CN(N=COCC)[CH]CN1C(C)=O,[C][C][O][C][=N][N][Branch2][Ring1][=C][C@@H1][C][N][Branch1][=Branch1][C][=Branch1][C][=O][C][=C][Branch1][#Branch2][O][C][C][C@@H1][Branch1][Ring1][O][C][F][N][=C][Branch1][C][O][N][=C][C][=C][Ring1][=Branch1][NH1][Ring1][S][=C][C][=C][Ring2][Ring1][N][C][C][=C][Ring1][=Branch1][O][N],-11.259,-12.197,0.9230958432401412
TL4857,CC1(C)[CH]OC2CC(OP(=O)(O)OC(=O)O)=CC2(c2ccc(Cl)cc2)O1,[#C][C][Branch2][=Branch1][S][=O][C@H1][C][Branch1][C][C][Branch1][C][C][O][C][Ring1][Branch2][Branch1][N][C][=C][C][=C][Branch1][C][Cl][C][=C][Ring1][#Branch1][C][=C][Ring2][Ring1][Ring2][O][P][=Branch1][C][=O][=Branch1][C][=O][O][C][Branch1][C][O][=O][C][Ring2][Ring2][Branch2][O],-11.028,-11.971,0.9212262968841368
TL223,CC1=CC(N)=NOC2=C([N+]=NCC2)N(N=c2cccco2)CC1(O)Nc1ccc(O)cc1C,[C][Branch2][=N][O][=N+1][=N][C][C][C][Ring1][=Branch1][Branch1][Ring2][Ring2][Ring1][=C][=O][N][=C][Branch1][C][N][C][=C][Branch1][C][C][C][Branch1][=C][N][C][=C][C][=C][Branch1][C][O][C][=C][Ring1][#Branch1][=C][Branch1][C][O][C][Ring2][Ring1][Ring2][Ring1][P][N][Ring2][Ring1][=C][N][=C][C][=C][C][=C][O][Ring1][=Branch1][Ring1][=Branch2],-11.047,-11.992,0.9211974649766512
TL1363,COCC=NCN=C1C=CC2=CN=C(C=CC(C)O)OC2=C(C(=O)N=C2CC=CC(N)=CCN2)C(C)C1,[C][O][C][C][=N][C][N][=C][Branch1][Branch1][C][C][C][Ring1][Ring2][C][=C][C][=C][N][=C][Branch1][#Branch2][C][=C][C][Branch1][C][C][=Branch1][C][=O][O][C][Ring1][O][=C][Ring1][S][C][=Branch1][C][=O][N][=C][Branch1][Ring1][N][C][#C][C][=C][Ring2][Ring1][O][C][Branch1][C][N][=C][Ring2][Ring1][P][Ring1][#Branch1],-13.71,-14.912,0.9193937768240344
TL2919,[CH]C(N)=C(OC(=O)c1ccccc1)C1N=N[C@@H](C)CC1O[C]1N=CN=C1[CH]C,[Ring2][Branch2][=N][=N][/C@@H1][Branch1][C][C][C][C][Branch1][O][O][C@@][N][=C][N][=C][Ring1][Branch1][C@@H1][Branch1][C][C][C][Branch2][Ring1][=Branch1][C][Branch1][=N][O][C][=Branch1][C][=O][C][=C][C][=C][C][=C][Ring1][=Branch1][=C][Branch1][C][N][C@H1][Ring2][Ring1][#Branch2][Ring2][Ring1][=C][C@@H1][Ring1][P][/C][=C][\C][=C][-\Ring2][Ring2][Branch2][Cl],-11.925,-12.989,0.9180845330664408
TL4226,C[CH][C@H](C)CCN[C](C)C1C(CCCC)OC(=S)NOC(=O)[C@@H]1OC(C)=O,[C][C][C][C][C][Branch1][#C][C][C@@][Branch1][C][C][N][C][C][C@@H1][Branch1][C][C][C@@H1][C][O][C][=Branch1][C][=S][N][O][C][=Branch1][C][=O][C@@H1][Ring2][Ring1][11CH3][O][C][Branch1][C][C][=O][C][Ring1][#Branch1][=O][C][=C][C][=C][C][=C][Ring1][=Branch1][C][#N],-12.155,-13.269,0.9160449167231892
TL2233,CCNC(=O)C1C=C2C=NC[C@@H](C)N3Oc4c(CCN=CCC(=O)O)cncc4C3CNC=C21,[C][C@H1][N][Branch1][P][O][C][=C][C][=N][C][=C][Ring1][=Branch1][C][C][N][=C][Branch1][#Branch1][C][C][=Branch1][C][=O][=O][C][Ring1][=C][C][Ring1][O][N][C][=C][C][Branch1][=Branch2][C][=Branch1][C][=O][N][C][Branch1][C][C][C][=C][Ring1][=Branch2][C][=N][C][Ring2][Ring1][P],-12.757,-13.94,0.9151362984218078
TL3233,CC(=O)[CH]OC1=C(O)C(C(=O)NS(C)(=O)=O)=C1NC(=O)C1=COCC#C1,[C][#C][C][O][C][=C][Branch2][Ring2][#C][C][=Branch1][C][=O][N][C][=C][Branch1][=C][C][=Branch1][C][=O][N][S][Branch1][C][C][=Branch1][C][=O][=O][C][Branch1][C][O][=C][Ring1][N][O][C@@H1][C@@][Branch1][C][C][O][Ring1][Ring1][C][C][Ring2][Ring1][P][=O][C][=C][Ring2][Ring1][=N][O][Ring2][Branch1][C],-10.996,-12.019,0.9148847657875032
TL897,CCc1c(F)ccc2c1C1(C(OC)=NC1CC=CC(F)=C(N)CC=O)[S+](O)C=CO2,[C][O][C][=N][=C][Branch1][#C][C][C][=C][C][Branch1][C][F][=C][Branch1][C][N][=C][C][=Branch1][C][=O][C][=Ring1][=C][S+1][Branch1][C][O][C][=C][O][C][Branch1][C][C][=C][Ring1][=Branch2][C][Branch1][Ring1][C][C][=C][Branch1][C][F][C][=Ring1][Branch2][Ring2][Ring1][Branch1],-11.686,-12.787,0.9138969265660436
TL4470,COCCC=C1C(=O)C=CNCC(Cc2ccccc2)C2=CC=COCC1C(N)=CC#C2,[C][O][C][=C][C@H1][=C][Branch2][Ring1][N][C][#C][C][=C][Branch1][C][N][C][Branch1][#Branch1][C][=C][C][C][O][C][Ring1][=Branch1][Ring1][=C][C][=C][Ring1][=C][Cl][N][N][=C][Branch1][=Branch2][C][NH1][C][=C][C][Ring1][N][=O][C][C][=C][C][=C][C][=C][Ring1][=Branch1][Ring2][Ring1][N],-11.217,-12.276,0.9137341153470186
TL4838,CNC(=CN(C(C)=O)C(O)C1NCOC(=O)CN=C1Cc1ccccc1C)[C@@H]1CCCC(=O)C1,[C][N][C][Branch1][=N][C@@H1][Branch1][C][C][C][C][C][C][Ring1][Branch1][=O][C][=C][N][Branch1][#Branch1][C][=Branch1][C][=O][C][Ring1][N][C][Branch1][C][O][C][N][C][O][C][=Branch1][C][=O][C][N][=C][Branch1][O][C][C][=C][C][=C][C][=C][Ring1][=Branch1][C][=Ring1][=Branch2][C][Ring2][Ring1][P][=O][C][Branch1][C][N][=O],-13.497,-14.783,0.9130081850774538
TL4636,CC1=NNC2S[C]C(F)=C1C=C2NC=CC(=C=O)NC(=O)c1cccc(O)n1,[C][C@][Branch2][Ring1][P][N][C][=C][C][Branch2][Ring1][Ring1][N][C][=Branch1][C][=O][C][=C][C][=C][C][Branch1][C][O][=N][Ring1][#Branch1][C][Ring1][=C][=O][O][C][Cl][C@@H1][Ring2][Ring1][=Branch1][C][S][C@][C][Branch1][C][F][=C][Ring2][Ring1][O][C][Branch1][C][C][=N][N][Ring1][#Branch2],-11.129,-12.193,0.91273681620602
TL2057,COCc1nncnc1[C](C)C1=C[C@H](Cl)C(=O)N1C1[CH]CN(C)C(=N)NC1O,[C][O][C][C][=N][N][=C][N][=C][Ring1][=Branch1][C@@][Branch1][C][C][C][=C][C@H1][Branch1][C][Cl][C][=Branch1][C][=O][N][Ring1][#Branch1][C][C][Branch1][C][O][N][C][=Branch1][C][=N][N][Branch1][C][C][C][C@H1][Ring1][#Branch2][Ring1][N],-11.133,-12.228,0.91045142296369
TL3003,COC[C@@H]1CCN(CCC(=O)[C@@H]2C=C3CC(CC=CO)S(=O)(=O)NN=C3CN(C)C(=O)N2)C1,[C][O][C][C@H1][C][N][Branch1][Branch1][C][C][Ring1][Branch1][C][C][C][=Branch1][C][=O][C@@H1][C][=C][C][C][Branch1][#Branch2][C][C][=C][Ring2][Ring1][Ring1][O][Ring1][S][S][=Branch1][C][=O][=Branch1][C][=O][N][N][=C][Ring1][=N][C][N][Branch1][C][C][C][=Branch1][C][=O][N][=Ring2][Ring1][Branch1][Ring1][#Branch1],-12.545,-13.786,0.909981140287248
TL620,CNC(=O)C1C=CNC=C(C)C=C(C=C[C](Cl)c2ccccc(=O)c2CCC[C@H]2CNCCO2)O1,[C][O][C@H1][Branch1][=Branch1][C][N][C][Ring1][=C][=C][C][Ring1][#Branch1][C][C][=C][Branch1][#Branch2][C][=C][C][=C][C][=Branch1][C][=O][Ring1][#Branch1][C@@][Branch1][C][Cl][C][=C][C][Branch1][=Branch2][O][C][C][=Branch1][C][=O][N][C][=C][C][Branch1][C][C][=C][Ring1][S][NH1][C][Ring2][Ring1][Branch2][=C][Ring1][N],-13.46,-14.798,0.9095823759967564
TL3603,CCOC1=NNC=C[C]1C#CC=C1CN(C)C=CC1C[C@@](N)(C=CC[NH])C(N)=O,[C][C][O][C][=N][N][C][=C][C@][Ring1][=Branch1][C][#C][C][=C][C][Branch1][#Branch2][C][=C][N][Branch1][C][C][C][Ring1][#Branch1][C][C@][Branch1][C][N][Branch1][=Branch1][C][Branch1][C][N][=O][C][=C][Ring2][Ring1][C][C][NH1][Ring1][#Branch1],-12.288,-13.513,0.9093465551690963
TL258,CCC1=NCOCC(OC=C(N[C@@H](C)C[C@H](N)CC)c2ccc(F)cc2F)CC1,[C][C][C][=N][C][O][C][C][Branch1][Ring2][C][C][Ring1][Branch2][O][C@H1][=C][Branch1][=C][N][C@@H1][Branch1][C][C][C][C@H1][Branch1][C][N][Branch1][=C][C][C][=C][C][=C][Branch1][C][F][C][=C][Ring1][#Branch1][F][C][=C][Ring2][Ring1][#Branch2][C][Ring2][Ring1][Branch2][S][Ring2][Ring1][=C][C][=C][C][=C][Branch1][Branch2][C][=Branch1][C][=O][O][Ring1][=Branch1],-12.668,-13.934,0.9091431032008038
TL2077,COCC1=NC(CC23C(=O)[CH]N=CCC(C)C2=C3CC2O[CH]NC(=O)N(N(C)C)SC2=O)CC1,[C][O][C][C][=N][C][Branch1][Branch1][C][C][Ring1][Branch1][C][C][C][=Branch1][C][=O][C@@H1][N][=C][C][C][Branch1][C][C][C][Ring1][#Branch2][=C][Ring1][O][C][/C][Ring2][Ring1][Ring1][O][C@@H1][N][C][=Branch1][C][=O][N][Branch1][=Branch1][N][Branch1][C][C][C][S][C][Ring1][N][=O][C][=Ring2][Ring1][N][Branch1][#Branch1][O][C][C][Ring1][=Branch1][O],-12.038,-13.254,0.908254111966199
TL3023,COC(=O)C1=C([C]On2ccc(CO)c2)C(=CC2=CN(CS)S(=O)(=O)[CH]C2)C=CC=C1Cl,[S][C][N][S][=Branch1][C][=O][=Branch1][C][=O][C@@H1][C][C][Branch2][Ring1][#Branch2][C][=C][C][=C][C][=C][Branch1][C][Cl][C][Branch1][#Branch1][C][=Branch1][C][=O][O][C][=C][Ring1][N][C@@][Branch1][=C][O][N][C][=C][Branch1][Ring1][C][O][C][=C][Ring1][#Branch1][Ring1][P][C][=Ring2][Ring1][=C][Ring2][Ring1][Branch2][=C][C][=C][C][=C][Ring1][=Branch1],-12.201,-13.439,0.9078800505990028
TL3983,CC=CC=CC=CC1=N[CH]OC(OC(=O)n2ccc3c(C4CC4)scccc-3[nH]2)=CCC2=COC(=C1)CC2=O,[O][C@H1][N][=C][Branch1][#Branch2][C][=C][C][=C][C][=C][Ring1][#Branch1][C][C][Ring1][#Branch2][=C][O][C][=C][Branch1][#Branch1][C][=Branch1][C][=O][C][Ring1][#Branch1][=C][C][=C][Ring2][Ring1][O][O][C][=Branch1][C][=O][N][C][=C][C][=C][Branch1][=Branch1][C][C][C][Ring1][Ring1][S][C][=C][C][=C][Ring1][#Branch2][NH1][Ring1][=C][N],-13.723,-15.123,0.9074257753091318
TL4169,CC(=CC1=C(F)NN[C](NCC=CC=CC2CC=NN=C2F)C1)CF,[C][C][=N][N][=C][Branch1][C][F][C][Ring1][Branch2][C][=C][C][=C][C][N][C@][Branch1][C][C][NH1][Branch1][N][C][Branch1][C][F][=C][Ring1][=Branch1][C][=C][Branch1][C][C][Branch1][C][F][=N][Ring1][#Branch1][=C][Branch1][C][F][F],-11.734,-12.935,0.9071511403169694
TL97,CC=CC(=CC1=NN=CCCC(CC)C/C(=C\CCO)c2c(F)cncc2OC(=O)O1)CO,[C][=Branch2][C@H1][N][Branch2][Branch1][=Branch1][C][Branch1][Ring1][C][C][C][C][C][=N][N][=C][Branch1][N][C][=C][Branch1][Ring1][C][O][C][=C][C][Ring1][=Branch2][=O][C][=Branch1][C][=O][O][C][=C][N][=C][C][Branch1][C][F][=C][Ring1][#Branch1][/C][Ring2][Ring1][P][=C][/C][C][O],-11.199,-12.358,0.9062145978313644
TL2501,CC[C@]1(CC(Cc2ccccc2)=C(F)C=CF)C2COOCc3ocnc3COC21,[C][C][O][O][C][C][O][C][=N][C][Ring1][Branch1][Ring1][Branch1][=C][O][=C][Ring1][=C][C@@][Branch1][Ring1][C][C][Branch2][Ring1][=C][C][C@@][Branch1][#Branch2][C][C][=C][C][=C][C][=C][Ring1][=Branch1][=C][Branch1][C][F][C][=C][Ring2][Ring1][Ring2][F][Ring2][Ring1][#Branch2][C][=C][Ring2][Ring1][P][N][C][C][Ring2][Ring2][=Branch1],-12.419,-13.717,0.9053728949478748
TL2085,C=S(=O)(C=C(Cl)[CH]CC(=O)N(C)C)C1=CC=C(C=COC)C(C)=C2CO[C](CC)CN12,[C][O][C][=C][C][=C][C][=C][Branch2][Ring1][O][S][=Branch1][C][=O][=Branch1][C][=C][C][=C][Branch1][N][C@@H1][C][C][=Branch1][C][=O][N][Branch1][C][C][C][Cl][N][=Ring1][#Branch1][N][C][C@][Branch1][Ring1][C][C][O][C][C][Ring1][Branch2][=C][Ring2][Ring1][#Branch2][C],-11.266,-12.448,0.9050449871465296
TL4442,CCOc1cc(C[C@@H](N)C2C=COC(F)=C2C[C](C)F)ccc1[C@H]1NC=CC=C1C=O,[C][C][O][C][=C][C][=Branch1][N][=C][C][=C][Ring1][=Branch1][C@H1][Branch1][#Branch2][N][C][=C][C][=C][Ring1][=Branch1][C][=Branch1][C][=O][C][C@@H1][Branch1][C][N][C][C][=C][O][C][=Branch1][N][=C][Ring1][=Branch1][C][C@][Branch1][C][C][Branch1][C][F][F][C][=Ring1][=N][N][Ring2][Ring1][Branch1][C][=O],-13.275,-14.681,0.904229957087392
TL4977,CO[Si](=O)OCCC1C2=CC=NC3=CCC3COC(=N)[C]2COC1c1ccccc1,[C][#Branch2][=O][=N+1][=N][O][C][C][C][C][C][Ring1][Ring2][Ring1][Cl][N][=C][C][=C][Branch1][=C][Branch1][C][C][C][O][Si][Branch1][Ring1][O][C][=Branch1][C][=O][C@][Ring2][Ring1][#Branch1][Branch1][=C][C][O][C][Ring1][N][C][=C][C][=C][C][=C][Ring1][=Branch1][Ring2][Ring1][Branch2][/C][=C][/C][=C][\C][=C][N],-11.627,-12.864,0.9038401741293532
TL1038,C=C1C(N(C=CF)CC=c2ccc3n2C(=O)C2(N([CH]C)[CH]C4=CC=CC4)C=C(Cl)C=32)CN1C,[C][C@H1][N][Branch1][Branch2][C@H1][C][=C][C][=C][C][Ring1][Branch1][C][#Branch2][C][=Branch1][C][=O][N][C][=C][C][=C][Branch1][C][Cl][C][Ring1][#Branch1][=C][C][=C][C][=Branch2][Ring1][O][=C][C][N][Branch1][=N][C][C][=Branch1][C][=C][N][Branch1][C][C][C][Ring1][=Branch1][C][=C][Ring2][Ring1][C][F][=N][C][NH1][N][Ring2][Ring1][#Branch1][Ring1][P],-12.298,-13.616,0.9032021151586368
TL4098,NCCn1cccc1CCO[N+]1=COC2C(Br)=C2CCCNCCCC[C]CCC1,[C][C][C][C@][Branch2][Branch1][C][C][C][C][C][N][C][C][C][C][=C][Branch1][C][Br][C][=Ring1][Ring2][O][C][=N+1][Ring2][Ring1][Ring2][O][\C][Ring1][Branch1][C][C][=C][C][=C][N][Ring1][Branch1][C][C][N][=Ring1][O],-11.17,-12.382,0.902115974802132
TL2746,CC=C(C)CC1=C(C)SC2=CC3C(C(=O)NC(C)C)C=C(CNC(C)=O)C3C1C2,[C][C][=Branch1][C][=O][N][C][C][=C][C][Branch1][=N][/C][=Branch1][C][=O][N][C@@H1][Branch1][C][C][C][Ring1][=Branch1][C][C][=C][Branch1][C][C][S][C][Branch1][C][/C][=C][=Branch1][=Branch2][=C][/C][Branch1][C][C][=C][Branch1][C][C][C][Ring1][O][C][-/Ring2][Ring1][Branch2][Ring1][#C],-11.701,-12.974,0.9018806844458148
TL4875,CC(F)(F)[C@@H](C1=C[C]2C(=CC=C1CNC(=O)C1=CN=NOC1)C=CS[C@@H]2O)S(N)(=O)=O,[C][O][N][=N][/C][=C][Branch1][=N][C][=Branch1][C][=O][NH1][C][C][=C][C][=C][Branch2][Ring2][#Branch2][C][=C][S][C@H1][Branch1][C][O][C@@][Ring1][#Branch1][C][=C][Branch2][Ring1][Ring2][C@H1][Branch1][=Branch2][C][Branch1][C][C][Branch1][C][F][F][S][=Branch1][C][=O][=Branch1][C][=O][N][Ring1][N][C][C@][Ring2][Ring1][Branch1][Ring2][Ring1][C][C@H1][N][=C][Ring2][Ring1][N][Branch1][C][C][O],-11.613,-12.881,0.9015604378542038
TL4005,CO[C@](C)(O)C1=CC23COC=NC=CC4=CC(C5=C2C1C=C4N5)C3OC(=O)N1CC=C(C)O1,[C][O][C][=N][#C][=C][C][=C][C][C][=C][Branch2][Ring1][P][C][Branch1][N][C][=C][C@@][Branch1][C][C][=Branch1][C][=O][O][C][Ring2][Ring1][C][=C][Ring1][N][O][C][=Branch1][C][=O][N][Branch1][=Branch2][C][C][=C][Branch1][C][C][O][Ring1][=Branch1][C][=Ring1][P][C][=C][Ring2][Ring1][#Branch2][N][Ring2][Ring1][Branch2],-11.783,-13.072,0.9013922888616892
TL1090,N#CC(C[C]NC(F)CC1=NC(C2CCO2)[CH]CC1)c1ccccc1,[Branch1][Branch1][=C][Branch2][Ring2][=C][C@H1][C][C][C][Branch2][Ring2][C][C][C][Branch1][N][N][C@@][C][C][Branch1][Ring1][C][#N][Branch1][=Branch2][C][=C][C][=C][C][=C][Ring1][=Branch1][F][C][=Branch1][C][=O][C][Cl][C@@][Ring1][P][C][=N][Ring2][Ring1][#Branch2][C@@H1][Branch1][Branch2][C][C][C][O][Ring1][Ring2],-11.971,-13.316,0.8989936917993391
TL2591,C=NNC1=COCCCC=CC1=CCC(CC=C(F)C(F)(F)C=N)n1ccn1C,[C][N][C][=C][N][Branch2][Ring1][P][C][Branch1][P][C][C][=C][C][=C][C][C][C][O][C][=C][Ring1][=Branch2][=N][N][=C][C][Branch2][Ring1][Branch1][C][=C][Branch1][C][F][C][Branch1][C][F][Branch1][C][F][C][=N][Ring1][=Branch1][N][=C][Ring2][Ring1][Ring1][Ring2][Ring1][#Branch2][C][O][N][=Ring2][Ring1][N],-12.431,-13.835,0.898518250813155
TL486,O=CCC1(Cl)C=NC=C(C2=CC(=O)N[CH]O2)CC(N2C(=O)C(C=C3C=C(F)CC3)=C2C=O)C1,[O][C@H1][Branch2][Branch1][O][N][C][=Branch1][C][=O][C][=C][Ring1][#Branch2][C][Branch1][C][C][=C][N][=C][C][=Branch1][#Branch2][#Branch1][Branch1][C][C][=Branch1][C][=O][Cl][C][=C][C][Ring1][O][N][C][=Branch1][C][=O][C][Branch1][N][C][=C][C][=C][Branch1][C][F][C][C][Ring1][=Branch1][=C][Ring1][N][C][=O][N][=C][Ring2][Ring1][=N],-11.574,-12.89,0.8979053529868114
TL2394,CC1C[C@H](CC=Cn2ccc(CN)c(Cl)c(C(F)(F)F)c(CN3CC(=O)N[CH]C3=O)c#cc2=O)C(=O)[C@H]1O,[C][C][Branch1][C][C][C@H1][Branch1][C][O][C][=Branch1][C][=O][C@H1][Ring1][Branch2][C][C][=C][N][Branch1][#Branch1][C][=Branch1][C][=O][C][#C][C][=C][C][Branch1][Ring1][C][N][=C][Branch1][C][\Cl][C][Branch1][=Branch2][C][Branch1][C][F][Branch1][C][F][F][=C][Ring1][=C][C][N][Branch1][#Branch1][C][C][Branch1][C][N][=O][C][=Branch1][C][=O][C@@H1][Ring1][Branch1],-13.565,-15.12,0.8971560846560847
TL2546,C[CH]C1=C(C=C2SC(N=CCCC)[C@@H](OC)N=C(C)[C@@]2(C)CC[C](O)C(=O)O)C(F)=CCO1,[C][C][C][C][=N][C][Branch2][Ring1][Ring1][S][C][=C][C][=C][Branch1][=Branch2][O][=C][C][=C][Ring1][=Branch1][F][C@H1][C@H1][Branch1][C][C][C@@H1][Branch1][Branch1][O][C][Ring1][#Branch2][N][=C][Branch1][C][C][C@@][Ring2][Ring1][C][Branch1][C][C][C][C][C@][Ring2][Ring1][=Branch1][Branch1][C][O][C][=Branch1][C][=O][O],-13.292,-14.826,0.8965331174962903
TL2030,CC1C=CC(F)C(C2OCOCN=CC2NCCCOCCNC2=NC3=CCCC32)OC1,[C][C][C][C][=C][Ring1][=Branch1][N][=C][Ring1][P][N][C][C][O][C][C][C][N][C][C][N][Ring2][C][C@@][Branch1][C][O][C][O][C][Ring1][Branch2][C][O][C][C][Branch1][C][C][C][=C][C][Ring1][Branch2][F],-13.39,-14.936,0.8964916979110873
